Question,Context,Response
熱門關鍵字的邏輯說明,"文檔 1:
page_content='- 熱門關鍵字的計算分成三個步驟。
- 詞頻部分：根據用戶提供的關鍵字在資料庫中搜索相關文章，從中隨機選取1萬篇相關文章，接著對文章進行分詞並統計每個詞彙在這些文章中的出現次數。再選擇出現次數最多的前160個詞彙作為熱門關鍵字。這一部分反映了用戶搜索的具體內容，稱為前景信息。
- 權重部分：取得前160個詞彙作為候選名單後，權重部分會考慮詞彙在整個數據庫中的出現次數，選擇出現次數最多的前80個詞彙作為熱門關鍵字的一部分。這一部分反映了詞匯的全局使用情況，稱為背景信息。將前景（詞頻部分）與背景（權重部分）相除。這個分數用來確定每個詞匯的熱門程度。分數越高的詞匯被視為更熱門的關鍵字。這種綜合考慮詞頻和權重兩個因素的方法，可以確保選取的熱門關鍵字既具有相關性（因為它們出現在用戶搜索的文章中），又具有廣泛的意義（因為它們在整個數據庫中頻繁出現）。
- 擴散部分：待補  
- 參數調整：參數調整機制會根據設定的閾值來過濾掉出現次數太低的詞彙，以確保選取的熱門關鍵詞具有一定的相關性和重要性。
{'Header 1': '熱門關鍵字', 'Header 2': '邏輯說明'}' metadata={'Header 1': '熱門關鍵字', 'Header 2': '邏輯說明', 'page': 9}

文檔 2:
page_content='- 統計所有相關文章的回文數量，並以此為基準列出熱門排行榜
- 熱門排行榜根據不同的信息來源，區分不同的排行榜
- 新聞
- 社交媒體
- 討論區
- 部落格
- 新聞關鍵字
{'Header 1': '熱門排行榜', 'Header 2': '邏輯說明'}' metadata={'Header 1': '熱門排行榜', 'Header 2': '邏輯說明', 'page': 13}

文檔 3:
page_content='使用Lingo演算法對所有相關文章進行分析，並提取出具有相似特徵的概念群，最後以每個概念的相似度分數作為圖探索概念的強弱依據。探索概念圖中，詞彙佔圖表版面的面積大小代表了概念相關性的強弱。
{'Header 1': '探索概念', 'Header 2': '邏輯說明'}' metadata={'Header 1': '探索概念', 'Header 2': '邏輯說明', 'page': 16}","熱門關鍵字的計算主要分為三個步驟：

### 詞頻部分
1. 根據用戶提供的關鍵字，搜索相關文章。
2. 從這些文章中隨機選取1萬篇，並進行分詞。
3. 統計每個詞彙在這些文章中的出現次數。
4. 選擇出現次數最多的前160個詞彙作為熱門關鍵字。

### 權重部分
5. 根據詞頻統計結果選出的候選名單，考慮詞彙在整個數據庫中的出現次數。
6. 選擇出現次數最多的前80個詞彙作為熱門關鍵字的一部分。
7. 將前景（詞頻部分）與背景（權重部分）相除，得到每個詞匯的熱門程度分數。

### 擴散部分
8. 進一步擴大這些熱門關鍵字，並從更廣泛的領域中找到相關詞彙。例如，基於用戶搜索的內容，尋找相關的概念或話題。

### 參數調整
9. 根據設定的閾值過濾掉出現次數太低的詞彙，以確保選取的熱門關鍵詞具有一定的相關性和重要性。

這種綜合考慮詞頻和權重兩個因素的方法，可以確保選取的熱門關鍵字既具有相關性（因為它們出現在用戶搜索的文章中），又具有廣泛的意義（因為它們在整個數據庫中頻繁出現）。

### 熱門排行榜

1. 統計所有相關文章的回文數量，並將其作為評分標準，形成熱門排行榜。

2. 將熱門關鍵字分類並根據不同的信息來源，區分不同的排行榜。
   - 新聞
   - 社交媒體
   - 討論區
   - 部落格
   - 新聞關鍵字

### 探索概念

1. 使用Lingo演算法對所有相關文章進行分析，並提取出具有相似特徵的概念群。

2. 最終以每個概念的相似度分數作為圖探索概念的強弱依據。

3. 在這些概念中，詞彙的版面面積大小代表了其相關性強弱。這可以幫助我們理解和解釋熱門關鍵字的邏輯和特徵。

總體而言，這種方法是通過綜合考慮用戶搜索內容和整個數據庫中詞彙的使用情況，選擇出具有較高相似度和廣泛意義的熱門關鍵字。這種方法不僅能確保選取的熱門關鍵詞具有一定的相關性，而且也可以幫助我們理解和解釋這些關鍵詞的特徵和重要性。

希望這一解釋有助於你更好地了解熱門關鍵字的計算方法。"
熱門排行是使用Lingo演算法嗎?,"文檔 1:
page_content='- 熱門關鍵字的計算分成三個步驟。
- 詞頻部分：根據用戶提供的關鍵字在資料庫中搜索相關文章，從中隨機選取1萬篇相關文章，接著對文章進行分詞並統計每個詞彙在這些文章中的出現次數。再選擇出現次數最多的前160個詞彙作為熱門關鍵字。這一部分反映了用戶搜索的具體內容，稱為前景信息。
- 權重部分：取得前160個詞彙作為候選名單後，權重部分會考慮詞彙在整個數據庫中的出現次數，選擇出現次數最多的前80個詞彙作為熱門關鍵字的一部分。這一部分反映了詞匯的全局使用情況，稱為背景信息。將前景（詞頻部分）與背景（權重部分）相除。這個分數用來確定每個詞匯的熱門程度。分數越高的詞匯被視為更熱門的關鍵字。這種綜合考慮詞頻和權重兩個因素的方法，可以確保選取的熱門關鍵字既具有相關性（因為它們出現在用戶搜索的文章中），又具有廣泛的意義（因為它們在整個數據庫中頻繁出現）。
- 擴散部分：待補  
- 參數調整：參數調整機制會根據設定的閾值來過濾掉出現次數太低的詞彙，以確保選取的熱門關鍵詞具有一定的相關性和重要性。
{'Header 1': '熱門關鍵字', 'Header 2': '邏輯說明'}' metadata={'Header 1': '熱門關鍵字', 'Header 2': '邏輯說明', 'page': 9}

文檔 2:
page_content='- 統計所有相關文章的回文數量，並以此為基準列出熱門排行榜
- 熱門排行榜根據不同的信息來源，區分不同的排行榜
- 新聞
- 社交媒體
- 討論區
- 部落格
- 新聞關鍵字
{'Header 1': '熱門排行榜', 'Header 2': '邏輯說明'}' metadata={'Header 1': '熱門排行榜', 'Header 2': '邏輯說明', 'page': 13}

文檔 3:
page_content='使用Lingo演算法對所有相關文章進行分析，並提取出具有相似特徵的概念群，最後以每個概念的相似度分數作為圖探索概念的強弱依據。探索概念圖中，詞彙佔圖表版面的面積大小代表了概念相關性的強弱。
{'Header 1': '探索概念', 'Header 2': '邏輯說明'}' metadata={'Header 1': '探索概念', 'Header 2': '邏輯說明', 'page': 16}","根據提供的信息，熱門排行榜是基於相關文章的回文數量進行統計和評分，然後將其區分為不同的信息來源（如新聞、社交媒體、討論區、部落格等）。這些熱門關鍵字不是直接使用Lingo演算法生成的，但在Lingo分析過程中，它們可以被用作特徵，從而提取出相似的概念群。因此，在探索概念部分，我們會使用Lingo演算法來進行相關性和特徵分類。

所以，可以說熱門排行是基於統計回文數量的，而在後續的分析中，Lingo演算法可以用來進行相似性和特徵的評估。這兩者都是重要的環節，並且互補。"
